iteration,time_sampling,stoc_pol_mean,stoc_pol_std,stoc_pol_max,stoc_pol_min,rollout_success,alpha,delta,time_vpg,time_npg,kl_dist,surr_improvement,running_score,success_rate,num_samples,time_VF,VF_error_before,VF_error_after,eval_score,eval_success
0,20.191954612731934,-0.9605635885371591,44.331715540627016,621.469035126951,-8.319031240188599,0.5,122.40018132904774,0.05,1.7252743244171143,5.223592519760132,0.023702947,0.051129147,-0.9605635885371591,0.5,40000,2.3327338695526123,1.0001330761122684,0.9516823329908499,-4.425442649927034,0.0
1,17.0251202583313,-3.3535416332052455,9.3559123930811,65.61607404141634,-7.522391622048347,0.0,145.964932535284,0.05,0.1642293930053711,2.8081045150756836,0.025084518,0.033739954,-1.1998613930039679,0.0,40000,5.240042686462402,1.60740362706473,0.8583839399386853,-4.149729967465495,0.0
2,11.89400601387024,-1.9272602188799837,11.3952303099453,84.8166807916251,-8.13899463635065,0.0,147.5603156506149,0.05,0.09647321701049805,2.597728967666626,0.025299726,0.03552322,-1.2726012755915694,0.0,40000,9.290236473083496,0.8584936373021778,0.7607275106631914,-1.9310243145406374,0.0
3,10.799719333648682,4.293970418151143,65.20427198691048,785.0453834838289,-8.26350077269408,1.0,154.26450162670892,0.05,0.13695526123046875,1.996866226196289,0.024835905,0.06887221,-0.7159441062172982,1.0,40000,6.889538049697876,0.9621764805805384,0.7788783313000509,12.098961234537668,4.0
4,10.926614761352539,1.807294580427041,42.59478669925856,478.6597526504057,-8.332027893308288,1.0,143.62361677255623,0.05,0.13320422172546387,2.2119061946868896,0.025173713,0.03887581,-0.4636202375528643,1.0,40000,8.26877737045288,1.0110121156246197,0.9348785917772642,-4.029974977848911,0.0
5,10.133807897567749,-3.4073567400217275,8.393136178946985,71.84489142037314,-7.992278926567729,0.0,133.62528361196593,0.05,0.0874180793762207,2.0977046489715576,0.02521012,0.035515703,-0.7579938877997506,0.0,40000,10.665488481521606,2.316636421682597,0.8515579309499793,-4.004536224353887,0.0
6,10.008225440979004,6.979426735841911,92.08066609716579,1084.0255634560915,-9.60317903723889,1.0,151.4682214044272,0.05,0.09111785888671875,2.150567054748535,0.02504632,0.04457607,0.015748174564415574,1.0,40000,8.757045030593872,0.9622444023294685,0.7954795140855223,-4.007090844055665,0.0
7,10.110398292541504,1.5304258711900243,33.05702087191818,325.14771124398203,-10.726169560299496,0.0,134.1979480360325,0.05,0.08269214630126953,2.085472583770752,0.025066625,0.036442265,0.16721594422697644,0.0,40000,8.442985534667969,1.2163438710976175,0.7740102073426532,-3.0419944406746775,0.0
8,9.906646490097046,-2.356601870373476,12.977645354816746,121.99765197695612,-11.878541888798631,0.0,129.7585966442963,0.05,0.10337448120117188,1.9404711723327637,0.024391392,0.03761495,-0.08516583723306878,0.0,40000,7.752546072006226,1.61391782283787,0.9156205032946635,5.791132839053891,0.0
9,12.638535976409912,-3.1668916389187802,8.00615277351892,66.93868411217969,-13.832210573179196,0.0,134.5193882895187,0.05,0.12475442886352539,2.3312771320343018,0.025777478,0.038028356,-0.39333841740164,0.0,40000,10.242196321487427,1.2319860701373073,0.8459030363818593,8.908053979496266,0.0
10,11.03002381324768,1.229620196196347,40.123857156523975,539.1271502526617,-7.488086860218816,0.0,181.60907027405182,0.05,0.10287022590637207,2.1645009517669678,0.025752788,0.03658953,-0.23104255604184132,0.0,40000,4.300649166107178,0.9905402326957261,0.9317277590809896,7.9898251774182585,0.0
11,11.539580345153809,0.6243173241323436,27.093194798635352,242.6068598771552,-9.930875535222375,0.0,147.9895004579098,0.05,0.16556739807128906,3.2351231575012207,0.024890976,0.043270525,-0.1455065680244228,0.0,40000,9.002695083618164,0.9059661115206619,0.8283563283351593,6.549393118012319,0.0
12,10.220887899398804,0.43382241553452816,17.702346392547476,127.50467526830869,-8.800704909620045,0.0,146.121156876389,0.05,0.11580014228820801,1.981187105178833,0.024970537,0.035181407,-0.0875736696685277,0.0,40000,5.330332517623901,0.9101000912417784,0.8098994405453896,3.043293892384863,0.0
13,10.341541290283203,-0.5069604741844829,16.858326375013576,149.54284696829487,-11.16054740455859,0.0,138.56513000451395,0.05,0.10247683525085449,2.103898763656616,0.025473878,0.039254535,-0.12951235012012322,0.0,40000,9.80914831161499,0.9392560004255244,0.8749154916355807,0.9997903075832264,0.0
14,10.294628143310547,0.8383496863527762,23.819859717828777,237.78912486179567,-10.049470086966965,0.0,120.73037401914144,0.05,0.09786462783813477,1.8447487354278564,0.025188236,0.04589335,-0.032726146472833284,0.0,40000,4.705117702484131,0.889721648050862,0.8196785979411291,-2.8810574166077276,0.0
15,10.386905431747437,1.408695582630375,19.277484092908463,158.86970589449922,-9.350630421512378,0.0,134.7127165636226,0.05,0.08954548835754395,2.062883138656616,0.025119128,0.043645598,0.11141602643748756,0.0,40000,7.394525527954102,0.8228765470624775,0.720299105063682,-3.8185225218512118,0.0
16,13.211350917816162,5.975463785392342,42.05528774047782,376.71902428836756,-10.163333513301701,0.0,130.83154204001218,0.05,0.18088650703430176,2.278897285461426,0.024801578,0.04569361,0.6978208023329731,0.0,40000,11.190319776535034,0.9084637993718766,0.8083449025866258,2.693120195472958,0.0
17,10.515419006347656,-0.38675453595439907,15.421739084376584,101.45935065156951,-10.526399065270859,0.0,150.23025913410754,0.05,0.0917508602142334,2.045323371887207,0.025007674,0.032727085,0.5893632685042359,0.0,40000,5.727328300476074,1.3831567239086489,0.7955596638512897,-4.0165744915353745,0.0
18,10.522249698638916,0.03547677807665664,16.61004621510882,103.5263768416988,-11.94929338327345,0.0,135.6668035094611,0.05,0.09723281860351562,1.9867446422576904,0.024935922,0.03734735,0.533974619461478,0.0,40000,15.416622638702393,0.7264158500332418,0.605919901497772,-0.8616664561733819,0.0
19,10.456384658813477,-0.018683318550073266,17.020224301655148,142.10874245326931,-12.82291995765802,0.0,131.8041044048667,0.05,0.09604167938232422,1.9297606945037842,0.024945728,0.0420585,0.4787088256603228,0.0,40000,11.61353850364685,0.7365657882327254,0.6531684247096852,-1.5958363265594502,0.0
20,10.605099201202393,1.9498375666270502,27.595844127687336,240.399017772082,-11.14031666587717,0.0,119.08255962588811,0.05,0.08332371711730957,2.0910112857818604,0.024958383,0.046433296,0.6258216997569955,0.0,40000,7.146596670150757,0.876314712566589,0.7430441391331657,-2.087815344955165,0.0
21,10.72533655166626,3.5906270198148964,24.38593555173361,142.4164084166103,-13.342427996790526,0.0,132.46999604544934,0.05,0.09204459190368652,2.1410865783691406,0.0245213,0.040749047,0.9223022317627856,0.0,40000,4.852871417999268,0.7994580594649711,0.697826163408427,-1.1577933344669604,0.0
22,10.585926055908203,2.600684977874442,24.261080734911438,172.18838882301154,-11.152076615099372,0.0,150.01814960751057,0.05,0.08924722671508789,2.0428779125213623,0.024806622,0.036088176,1.0901405063739513,0.0,40000,5.772237300872803,0.7959878718299452,0.7295477645863502,5.772127202150357,0.0
23,10.740940570831299,5.493303948618102,25.82639238990609,183.32707396168834,-12.675280263233482,0.0,142.34657843812764,0.05,0.09360218048095703,2.1096408367156982,0.024831168,0.03856363,1.5304568505983664,0.0,40000,5.168776512145996,0.754361647602694,0.6257028285857513,5.6663528032869515,0.0
24,10.81553316116333,2.5341291106550963,21.78991013305499,207.13019441340174,-10.852886004445889,0.0,138.99097467176296,0.05,0.09760308265686035,1.8927326202392578,0.02532695,0.040944353,1.6308240766040396,0.0,40000,7.20266580581665,0.7900737529022743,0.65530241249108,-1.1873572118827653,0.0
25,10.399200201034546,7.200968197351492,43.41475588275078,452.2334632716871,-14.25000769646377,0.5,132.18688551261366,0.05,0.13643240928649902,2.083937406539917,0.025241422,0.03963728,2.187838488678785,0.5,40000,8.054261445999146,0.7811934942403237,0.5181090844995255,10.559714885343057,0.0
26,10.512275218963623,10.689194587217418,55.86947671095547,495.2118004593328,-14.508285292743697,0.0,133.4700068090204,0.05,0.09213042259216309,1.964726209640503,0.024661627,0.044905413,3.037974098532649,0.0,40000,6.330069541931152,0.8224709383201171,0.6872928053116206,12.037075457033563,0.0
27,10.643663167953491,4.37440310110548,23.503966395260314,151.2799861841425,-15.423763723794586,0.0,141.5315742867725,0.05,0.09581756591796875,2.044286012649536,0.024941191,0.036323495,3.171616998789932,0.0,40000,7.7649455070495605,1.211575015113697,0.6845046533566734,6.090505118392127,0.0
28,10.749571323394775,13.238474488639524,51.917407051366986,569.8904839966839,-12.609753642875672,0.5,160.4298230763687,0.05,0.0913858413696289,2.0880727767944336,0.02563339,0.034362264,4.178302747774891,0.5,40000,6.5096447467803955,0.7735244912588329,0.6016304208038987,4.584593488813966,0.0
29,10.916282415390015,7.939129903277286,27.6944295352107,228.06819837789237,-9.888076563020228,0.0,144.0209124745091,0.05,0.08601760864257812,2.0601491928100586,0.025117211,0.03594573,4.554385463325131,0.0,40000,5.424008846282959,1.0118643324491299,0.6759098518838307,13.68005936885007,0.0
30,10.596349477767944,12.248957066966332,72.2425866220246,912.1905076827143,-11.756363126295575,1.0,146.02900332902297,0.05,0.09326863288879395,2.0402231216430664,0.025845401,0.043500915,5.323842623689252,1.0,40000,6.4855451583862305,0.8908013550186666,0.579999364027613,11.903364944167839,0.0
31,10.561689138412476,14.099064110511712,53.112143565585676,519.472403841778,-15.978687721497044,0.0,152.29343976079724,0.05,0.09277868270874023,1.8335723876953125,0.024988038,0.032165013,6.201364772371498,0.0,40000,6.057964086532593,0.9834729249640806,0.5650671231907589,12.840803327516417,0.0
32,10.630094766616821,11.406204068470975,35.727563276272306,193.1478740202544,-16.226184955641113,0.0,150.11383068118997,0.05,0.09875226020812988,2.127398729324341,0.02570798,0.032901935,6.721848701981446,0.0,40000,11.330039262771606,0.7030103710191522,0.5117833010169339,37.6374319875909,0.0
33,10.896938800811768,16.22707454220227,73.85176798114131,812.5034810210548,-14.77353870818002,1.0,153.42562758134164,0.05,0.10402035713195801,2.0157406330108643,0.02559941,0.03579902,7.6723712860035285,1.0,40000,6.796097278594971,0.810419900484283,0.6555407728689386,22.73315107732875,0.0
34,10.493136405944824,12.136659295877402,49.90584872655463,435.45998926392133,-11.755899582316275,0.5,138.84617221656544,0.05,0.09861612319946289,1.9284870624542236,0.02465392,0.034016907,8.118800086990916,0.5,40000,8.310327291488647,1.276596969619292,0.7078662102793807,36.05734663325978,0.0
35,10.810242176055908,13.637980542958053,53.79858094102174,631.8395378203653,-12.437040981784653,0.5,151.6101878975584,0.05,0.08933663368225098,2.040149211883545,0.024761306,0.03275629,8.67071813258763,0.5,40000,7.424040794372559,0.8193633813971415,0.6595522680508804,51.07574870015506,4.0
36,11.51465392112732,16.216941798261278,47.6542172343418,284.95493768901633,-12.499443262283062,0.0,147.6048042345004,0.05,0.09353375434875488,1.9298818111419678,0.024694053,0.035659965,9.425340499154995,0.0,40000,5.340998649597168,0.6996961195780727,0.5079755511843066,25.512161831580453,0.0
37,10.90650749206543,22.34094345156767,58.145926212698036,401.30057228720943,-14.904167672586171,0.0,151.10029381085081,0.05,0.08790373802185059,1.929880142211914,0.02478058,0.03570926,10.716900794396263,0.0,40000,7.468333005905151,0.7312247843311307,0.5772805976353981,20.58040737070035,0.0
38,10.983805179595947,28.836877061201005,111.33221981949404,1455.5107521434566,-17.073466903622784,0.5,185.2809993896358,0.05,0.10706257820129395,2.030520439147949,0.025972724,0.032818973,12.528898421076738,0.5,40000,5.866966962814331,0.8213799417483494,0.5703336588225985,17.60859031912265,0.0
39,10.941569805145264,21.333864297832044,64.23346080042661,551.156358257167,-16.129435206264194,0.5,137.1569316217383,0.05,0.10454130172729492,1.9321105480194092,0.025204532,0.036922276,13.409395008752268,0.5,40000,5.894843578338623,1.325071013740774,0.6625230714993419,21.988818006698626,0.0
40,11.928371906280518,29.763755353289152,66.95490272579599,402.64141181134397,-13.099794691242067,0.5,150.52935942316591,0.05,0.10333585739135742,2.0396299362182617,0.024868356,0.03557164,15.044831043205956,0.5,40000,6.6663336753845215,0.6811775988511988,0.561515047370128,25.140585639964762,0.0
41,11.118765830993652,26.07311337951995,73.67651273962721,756.8440081626986,-10.738294527807854,1.5,150.12008413559664,0.05,0.08422303199768066,2.0501339435577393,0.025246983,0.035028785,16.147659276837356,1.5,40000,5.6218883991241455,0.6182355346088331,0.4262557174521367,17.65561109996735,0.0
42,11.300938367843628,29.33359719108595,80.56374624884472,797.6898566791867,-15.059180257560229,1.0,144.19160709508307,0.05,0.09241676330566406,2.030324697494507,0.024820687,0.039562285,17.466253068262215,1.0,40000,10.706014394760132,0.7919753099336067,0.5957949885229501,23.443988034593545,0.0
43,11.022852897644043,35.23190324543275,144.51366017473046,1413.2871968467596,-16.552554054994264,2.5,152.25851578986294,0.05,0.08913993835449219,2.002671718597412,0.025096234,0.03621436,19.24281808597927,2.5,40000,5.292149066925049,0.6499895927531346,0.3957808812843486,29.094438194436112,0.0
44,11.020333528518677,24.965229814795453,53.260097627821374,328.6685912679409,-11.273751422354827,0.5,140.4478914230533,0.05,0.1132361888885498,2.007636547088623,0.02499179,0.033937648,19.81505925886089,0.5,40000,6.03394341468811,1.8417904745714104,0.37984221585286054,37.93867155439208,0.0
45,10.900676012039185,22.686942484906993,47.73730659185397,287.2044272230305,-14.314308066508632,0.0,144.89987052450346,0.05,0.09237885475158691,2.023780107498169,0.025018994,0.03608309,20.1022475814655,0.0,40000,8.532730340957642,0.6322208935546477,0.4824398057145636,35.375553399053885,0.0
46,11.104127645492554,32.0395658823135,83.29124407688582,678.7918041938474,-14.932791002065574,1.5,149.17027509126046,0.05,0.08727145195007324,2.0409131050109863,0.025248056,0.035557896,21.295979411550302,1.5,40000,14.389856100082397,0.6629365087278035,0.4980694451773578,47.35546488398481,0.0
47,11.105665922164917,36.05624031409902,104.19033730842357,920.7258736386902,-12.510995452558705,2.0,135.49929722825433,0.05,0.08940434455871582,2.020893096923828,0.025273504,0.04724301,22.772005501805175,2.0,40000,14.89708662033081,0.582703997314833,0.36936563945212514,38.132574006826474,0.0
48,11.499385833740234,39.57216984530572,96.46242775311283,728.3062357952945,-14.251755545757362,1.5,137.7782218425349,0.05,0.08776187896728516,1.9934287071228027,0.02516734,0.03631267,24.45202193615523,1.5,40000,3.7612013816833496,0.8739107774819891,0.4329747215898023,51.734521457236205,0.0
49,12.125258445739746,33.25547631409434,75.18544770428909,625.9869880784587,-14.16581519900798,0.5,156.69082384498213,0.05,0.10033011436462402,2.3074402809143066,0.024748707,0.03150943,25.332367373949143,0.5,40000,4.595472812652588,0.7047573583896866,0.49791406633755575,42.91644388345548,0.0
50,11.82660984992981,40.62299137474317,101.45089399016196,948.0500798333671,-14.096687198055257,1.5,144.19355664774042,0.05,0.09376883506774902,2.1154837608337402,0.024954345,0.032357376,26.861429774028544,1.5,40000,3.646012783050537,0.6412067639209649,0.45325851776972076,36.765349319678805,0.0
51,11.499654531478882,71.6312430019605,161.9819528077905,987.164389337905,-10.572081053429335,3.5,154.80618328293735,0.05,0.08918523788452148,1.7933566570281982,0.024824264,0.034230415,31.33841109682174,3.5,40000,6.9888598918914795,0.5987958031880716,0.38186755586411497,25.689015699116716,0.0
52,11.39444375038147,45.63242053916431,102.15511025730831,1064.2881817522511,-11.561422735010833,1.5,148.2084146470694,0.05,0.0876622200012207,2.0258305072784424,0.024981318,0.033855554,32.767812041056,1.5,40000,5.72184944152832,0.663600958639859,0.48208956301204436,47.89946781368966,4.0
53,11.50855541229248,54.53024073627659,122.01904222189324,982.0766079436164,-16.479987136238876,2.5,139.86366474000982,0.05,0.11156606674194336,2.0625319480895996,0.025036018,0.037198022,34.94405491057806,2.5,40000,12.698991060256958,0.567898461153977,0.4276674871399382,15.613459184014184,0.0
54,11.432810306549072,84.1131459684106,200.08431564946298,1726.3725100155748,-14.108243080967586,5.5,144.04592823911943,0.05,0.10973525047302246,2.0089588165283203,0.025228815,0.03551496,39.860964016361315,5.5,40000,8.44933819770813,0.5479936346981363,0.35131427126280423,71.67191966785138,4.0
55,11.523147344589233,65.78373540208749,144.16603082029656,983.1478353208191,-15.152583142775642,4.5,141.01698796262045,0.05,0.09633708000183105,2.0291168689727783,0.024764547,0.03439104,42.453241154933934,4.5,40000,6.194397449493408,0.8458289314463864,0.4955261702264638,129.53487493841843,4.0
56,11.636220216751099,78.44329767353696,195.80272211888044,2025.0157087321911,-15.850809680960872,3.0,155.39154541177905,0.05,0.08804440498352051,2.081827163696289,0.025016721,0.032305654,46.052246806794244,3.0,40000,13.136799097061157,0.5422630415045581,0.3335172528995656,157.53894906513577,4.0
57,11.812968492507935,60.232613401695396,112.13003226385513,746.5815192414278,-14.074079691668048,4.0,142.4881502620942,0.05,0.11586999893188477,2.14778208732605,0.02494083,0.033688188,47.470283466284364,4.0,40000,11.479019403457642,0.8612939657180689,0.49850583005392207,128.86447235746175,12.0
58,11.43437147140503,85.5731489910962,216.13251998417567,1802.0119786258626,-11.938133983341913,5.5,154.91876657902196,0.05,0.11449551582336426,2.027836799621582,0.025247756,0.03492611,51.28057001876555,5.5,40000,9.241530656814575,0.5640586065753593,0.42000728983160257,72.9691897288398,8.0
59,11.604772329330444,83.85752900728714,199.24881299052103,1932.4133763292803,-12.584205564482396,3.5,145.87670187529335,0.05,0.08701467514038086,1.9198312759399414,0.025059106,0.034190383,54.53826591761771,3.5,40000,4.12929368019104,0.5283774941859243,0.3497351213513173,182.1586174991504,4.0
60,11.898427486419678,89.34140627877038,211.57559395865928,1584.0682443674068,-14.635517380445501,5.5,143.57853885543378,0.05,0.09059762954711914,2.08909010887146,0.02501809,0.037638716,58.01857995373298,5.5,40000,4.05906343460083,0.6499970410852992,0.5292305227038101,101.66030295325423,8.0
61,11.601567506790161,88.8672361955039,169.07559647865085,1261.4178147685132,-11.59756994654575,6.0,153.15202419982023,0.05,0.09071516990661621,1.814387559890747,0.0252209,0.032320462,61.10344557791008,6.0,40000,6.236632823944092,0.6135406238957346,0.5121661762568561,140.04625415271005,4.0
62,11.814539432525635,95.53129761820298,203.84870757700912,1261.4836644199063,-14.575655105045993,5.0,147.21485096401642,0.05,0.10203123092651367,2.1089155673980713,0.025275428,0.036655005,64.54623078193937,5.0,40000,9.440119743347168,0.5387611083922376,0.40755672854280495,78.94542330750355,4.0
63,11.813177585601807,96.98770529606809,199.28800262771483,1322.3219073498637,-12.15073458485045,6.5,153.69267016216688,0.05,0.10062074661254883,2.051935911178589,0.02497172,0.03390794,67.79037823335224,6.5,40000,15.69358515739441,0.6367375570071444,0.518744571674648,125.58588837254578,4.0
64,12.131654262542725,114.15498159570862,207.44816232787716,1784.9790342559481,-7.464752758482478,9.5,137.0679852653659,0.05,0.10502266883850098,2.025972843170166,0.024785437,0.03833611,72.42683856958789,9.5,40000,4.351194143295288,0.6343934905745371,0.5175617915222588,70.85166412980156,0.0
65,11.95527696609497,120.15602912984501,205.95750420159555,1138.3023550218895,-16.716032801601973,10.0,158.58136008172454,0.05,0.09945893287658691,1.866879940032959,0.02516669,0.03338517,77.1997576256136,10.0,40000,7.099311351776123,0.6259920760601767,0.4710702456120792,78.3517321994076,4.0
66,12.001784324645996,127.53860005961886,239.21213916626488,1431.7519940910693,-14.339920270786049,10.5,154.3811432956554,0.05,0.09129142761230469,2.0178403854370117,0.024923893,0.033132605,82.23364186901412,10.5,40000,5.236684322357178,0.6502758600926039,0.4953537395656926,83.32574747606257,4.0
67,11.993775367736816,102.61545846298817,216.22342800740103,1822.9509278449736,-14.348470504422082,7.0,152.25697487163032,0.05,0.08748364448547363,1.8992936611175537,0.024927456,0.032773383,84.27182352841153,7.0,40000,4.061377286911011,0.7374907747530882,0.47294265205809016,140.85382149395343,8.0
68,12.327269554138184,146.34063286811815,271.81848625871095,1816.1538156937784,-10.812113271368197,10.0,161.63237457157837,0.05,0.08977603912353516,1.9601421356201172,0.025076443,0.03277216,90.47870446238218,10.0,40000,8.393880844116211,0.6664527686801291,0.4707053979751893,100.5744385991378,4.0
69,12.151303768157959,147.02626124695925,270.23032888683383,1665.919565739747,-9.600230264784983,12.0,151.72214620151226,0.05,0.09215736389160156,2.081850051879883,0.02470368,0.033477724,96.13346014083989,12.0,40000,4.645637512207031,0.562493142371276,0.4533076247134552,139.73770709181827,8.0
70,11.704290866851807,168.8383278151505,382.40367037917184,2181.9012158469613,-5.561848782070301,11.5,162.62088324985294,0.05,0.09769368171691895,2.071004629135132,0.02513285,0.031346023,103.40394690827095,11.5,40000,7.58024787902832,0.5455447807571081,0.39619675361516515,259.770417807477,28.0
71,12.42280101776123,188.43113434750012,319.80600861629273,1851.259068560585,-13.243837763018096,17.5,154.1380477211166,0.05,0.09981775283813477,2.078162670135498,0.02512187,0.03231504,111.90666565219387,17.5,40000,11.245846509933472,0.6777552352389768,0.4622528026889461,150.99795747308596,12.0
72,12.012737274169922,142.58014732873664,228.89595689214315,1446.5205999851692,-5.504972072847383,12.0,151.1645848054945,0.05,0.11457252502441406,2.0756802558898926,0.024899675,0.03337581,114.97401381984814,12.0,40000,4.331090927124023,0.7497959958339145,0.5507048158358326,99.42558623370081,8.0
73,12.425690650939941,189.77105564180755,317.0583870640328,1794.302066822853,-12.674340323133729,16.0,155.4248799396353,0.05,0.08898735046386719,2.0192267894744873,0.024915209,0.03332101,122.45371800204408,16.0,40000,3.8553626537323,0.5640548666817082,0.43887053783074637,121.3308723791153,8.0
74,12.314735651016235,189.54527262470387,316.470801026056,2264.521891235929,-12.173490304255608,18.0,159.98024650712765,0.05,0.08887887001037598,2.066206932067871,0.025088394,0.030939369,129.16287346431005,18.0,40000,5.238337755203247,0.5356338882353086,0.4307792386477406,207.69645227890996,24.0
75,12.128342628479004,195.43993060134338,355.8305480968842,2519.923176027643,-5.649605072039023,16.0,165.39673430671542,0.05,0.1030130386352539,1.8147706985473633,0.025135621,0.031289246,135.7905791780134,16.0,40000,6.200203895568848,0.590240712111374,0.4620457245406222,227.5210513497185,24.0
76,12.285939931869507,229.8734314175298,391.5077308666795,2515.8217871024153,-9.367421041811772,19.5,158.0413751405262,0.05,0.09756207466125488,2.030001163482666,0.025329199,0.03218831,145.19886440196504,19.5,40000,4.508075952529907,0.537078979026915,0.443069369445984,203.66436817275488,20.0
77,12.633130073547363,295.52762043197214,474.19287331628817,2568.0298864707693,-12.28282900368788,22.5,155.0650722496548,0.05,0.08580255508422852,2.029832601547241,0.025025973,0.03291137,160.23174000496576,22.5,40000,7.913601875305176,0.4831316677857356,0.4070648886792855,388.08889386889547,36.0
78,12.528135776519775,257.0944253064586,395.44898820355274,2345.7304962159806,-8.956365238144125,24.0,155.62179932338793,0.05,0.09168291091918945,2.167093515396118,0.025105732,0.03174231,169.91800853511506,24.0,40000,7.522200584411621,0.5257189482245127,0.36991226710825015,435.658949706756,40.0
79,12.800329685211182,325.2241098656509,498.5840513216811,2619.0974653477588,-11.42238336488001,28.0,167.47099372595648,0.05,0.11764097213745117,2.1381123065948486,0.02497737,0.02996176,185.44861866816865,28.0,40000,6.187838315963745,0.5075390022920778,0.3786354458745443,368.00433680184045,28.0
80,12.902808904647827,346.2024186644446,517.563424891841,2815.4181753130174,-11.516045884166884,27.5,146.20212902312093,0.05,0.08789920806884766,2.0057363510131836,0.024821049,0.03389589,201.52399866779626,27.5,40000,4.188180446624756,0.4368728374248225,0.3720310203611211,387.17372458388303,28.0
81,12.705456972122192,278.3090093844221,432.51418205362467,2173.2703923404943,-14.024567883978875,20.5,156.2498027166994,0.05,0.08952879905700684,2.067784070968628,0.024897644,0.0312697,209.20249973945886,20.5,40000,5.131292104721069,0.4996776622619134,0.3803800588439641,450.38877698037237,28.0
82,12.511457681655884,308.3887737061489,441.38286723870397,2038.4005858427472,-13.324969776277156,27.5,150.05793045887677,0.05,0.09290575981140137,2.0070700645446777,0.025055697,0.034497347,219.12112713612788,27.5,40000,5.8596556186676025,0.400465248785778,0.32096856755338943,543.2583324578908,44.0
83,13.30482792854309,485.1515232201155,563.9592491345463,2272.556105080921,-8.306856596076177,40.0,153.6233036420885,0.05,0.10464954376220703,2.048415422439575,0.024858141,0.03239843,245.72416674452666,40.0,40000,5.979053497314453,0.3700105307113464,0.31576652738711336,596.3686235506958,44.0
84,12.896821975708008,453.46746446388477,534.2439145420466,2247.1521771433822,-5.510670269183052,39.0,155.27378344523132,0.05,0.09835290908813477,2.022585868835449,0.025148353,0.032938592,266.49849651646247,39.0,40000,6.822492361068726,0.3774048824944618,0.3222289889473952,772.2403997667293,68.0
85,12.797385215759277,508.6103174333034,610.9186257730966,2998.607109674213,-7.480292506493248,44.0,146.19439162977469,0.05,0.10335183143615723,1.7904081344604492,0.025206363,0.034197327,290.7096786081466,44.0,40000,3.651442766189575,0.3811765634911726,0.31145123332872143,967.0492003627437,60.0
86,13.241927862167358,499.44008150921394,590.2748729617329,2622.654392882763,-9.11350774848891,40.5,147.85381741916387,0.05,0.0871281623840332,1.8968422412872314,0.025134237,0.0342543,311.5827188982533,40.5,40000,3.734828472137451,0.3252403287738857,0.264748911237775,985.3836969745827,68.0
87,13.211323738098145,763.2964639035382,753.1453308384879,2953.0598973159663,-12.013012061499744,55.0,155.1964071270695,0.05,0.08294177055358887,1.8942677974700928,0.025147408,0.0325269,356.75409339878183,55.0,40000,6.825083494186401,0.3217944652850699,0.22170219684956985,1386.8153459540679,76.0
88,13.053749322891235,748.7973782743503,767.8421456692894,3171.278503941502,-7.596715938321706,56.0,150.51111430059566,0.05,0.1445600986480713,2.073878049850464,0.025038468,0.03360778,395.95842188633867,56.0,40000,10.185112237930298,0.2919365485919014,0.24230738484260855,1503.5930007602392,84.0
89,12.80583906173706,754.9159953179791,729.6550725703554,2822.1379536283557,-4.9141225022409705,56.5,146.88879061765456,0.05,0.08819723129272461,1.9826438426971436,0.025312833,0.034161694,431.85417922950273,56.5,40000,4.372588634490967,0.26108972662075125,0.22366463504297604,1078.7362388881897,76.0
90,13.397135257720947,871.65921840822,803.3180762139368,3082.710840519207,-5.4790683174129455,62.0,152.35657258720468,0.05,0.08636355400085449,2.023587942123413,0.025381379,0.03283217,475.8346831473745,62.0,40000,5.005792140960693,0.2852935547866315,0.21895922457271028,1347.0615307529308,84.0
91,13.914872884750366,1005.9691728670622,816.2999120508912,3421.203294172931,-13.661590041287054,69.0,151.27706154477957,0.05,0.08746910095214844,2.0975892543792725,0.025156548,0.03327082,528.8481321193433,69.0,40000,5.1186535358428955,0.2518174045861343,0.20734287773500226,1393.5059646682564,84.0
92,13.192840814590454,968.8965856450784,845.3859894619534,3441.063589584266,-5.891917921899683,62.5,147.7516818090081,0.05,0.08559870719909668,2.220515489578247,0.025149472,0.033627458,572.8529774719168,62.5,40000,6.512860059738159,0.22909942697470007,0.20034263313509762,1597.8282539459317,96.0
93,13.431776523590088,1083.8037278518689,832.7587368150355,3393.7967909499366,-6.364634388745977,71.5,158.6862139226323,0.05,0.09864997863769531,2.008897304534912,0.02522464,0.031410612,623.948052509912,71.5,40000,14.64851188659668,0.2394980404169616,0.18392923234413097,1730.33413681896,88.0
94,13.801122903823853,1357.9144134987873,886.4536818078807,3304.5815951997592,-5.2155138722349905,78.0,148.81603664000687,0.05,0.08427238464355469,2.1067893505096436,0.025129745,0.033202,697.3446886087995,78.0,40000,10.757381916046143,0.19599808762894,0.14461852164019334,1835.008783287776,100.0
95,13.930439949035645,1310.9438604675845,911.588493565128,3089.0319747027934,-6.166150605095266,76.5,158.88573877920265,0.05,0.08600211143493652,2.123748779296875,0.025265817,0.031069648,758.7046057946781,76.5,40000,5.367887735366821,0.19376446444940548,0.16684214608361636,1762.4368557516677,96.0
96,13.639737129211426,1411.6145671342208,953.374033812729,3406.3827328700113,-5.050405134284754,75.5,154.61742454125215,0.05,0.08725261688232422,2.0484251976013184,0.025335856,0.031903908,823.9956019286324,75.5,40000,4.742621898651123,0.16206486510822762,0.13618438012486525,1816.621799972798,96.0
97,13.903691291809082,1462.2761406916438,1011.0066525541137,3381.439135731219,-6.456416232045734,73.0,142.61647744178148,0.05,0.08871865272521973,1.772148847579956,0.025129188,0.03418152,887.8236558049335,73.0,40000,10.299464702606201,0.16049254607461114,0.13704867492688727,1797.0451049981548,96.0
98,13.521969318389893,1519.6033467655088,988.8063195022801,3738.653446488643,-8.014262598529987,77.5,147.49822903365228,0.05,0.08622908592224121,1.884767770767212,0.025001768,0.03370406,951.0016249009911,77.5,40000,10.66682481765747,0.15804203913903334,0.13728855478899143,1960.6117646724736,96.0
99,13.742790460586548,1565.0358217356054,1023.6828960796709,3650.7309942462207,-3.7650141460080064,80.0,150.82011176459798,0.05,0.09590482711791992,2.0235044956207275,0.025386546,0.032613464,1012.4050445844525,80.0,40000,3.9554288387298584,0.16309842763161098,0.1400279023563613,1827.0653005903387,92.0
